{
  "Dashbord" : {
    "transaction" : "Dashbord",
    "sampleCount" : 50,
    "errorCount" : 0,
    "errorPct" : 0.0,
    "meanResTime" : 360.2399999999999,
    "medianResTime" : 333.5,
    "minResTime" : 316.0,
    "maxResTime" : 751.0,
    "pct1ResTime" : 409.0,
    "pct2ResTime" : 515.7499999999993,
    "pct3ResTime" : 751.0,
    "throughput" : 0.12954139754441327,
    "receivedKBytesPerSec" : 0.653020209105724,
    "sentKBytesPerSec" : 0.07375257301600872
  },
  "Test" : {
    "transaction" : "Test",
    "sampleCount" : 50,
    "errorCount" : 13,
    "errorPct" : 26.0,
    "meanResTime" : 1607.2200000000003,
    "medianResTime" : 1399.5,
    "minResTime" : 821.0,
    "maxResTime" : 4662.0,
    "pct1ResTime" : 2308.6,
    "pct2ResTime" : 3384.7999999999984,
    "pct3ResTime" : 4662.0,
    "throughput" : 0.1289610382911115,
    "receivedKBytesPerSec" : 3.1288693349027894,
    "sentKBytesPerSec" : 0.2812207016641132
  },
  "Total" : {
    "transaction" : "Total",
    "sampleCount" : 200,
    "errorCount" : 17,
    "errorPct" : 8.5,
    "meanResTime" : 401.8,
    "medianResTime" : 344.0,
    "minResTime" : 31.0,
    "maxResTime" : 3556.0,
    "pct1ResTime" : 457.9,
    "pct2ResTime" : 1012.7999999999977,
    "pct3ResTime" : 2802.000000000012,
    "throughput" : 0.41482243525658846,
    "receivedKBytesPerSec" : 2.516118849349973,
    "sentKBytesPerSec" : 0.22614709422069382
  },
  "DesignLayout" : {
    "transaction" : "DesignLayout",
    "sampleCount" : 50,
    "errorCount" : 7,
    "errorPct" : 14.0,
    "meanResTime" : 382.24,
    "medianResTime" : 357.0,
    "minResTime" : 37.0,
    "maxResTime" : 1515.0,
    "pct1ResTime" : 558.1999999999999,
    "pct2ResTime" : 1041.8999999999999,
    "pct3ResTime" : 1515.0,
    "throughput" : 0.12952227005911396,
    "receivedKBytesPerSec" : 0.8904048930923183,
    "sentKBytesPerSec" : 0.07450060260236145
  },
  "AdminLogin" : {
    "transaction" : "AdminLogin",
    "sampleCount" : 50,
    "errorCount" : 10,
    "errorPct" : 20.0,
    "meanResTime" : 513.8800000000001,
    "medianResTime" : 322.5,
    "minResTime" : 31.0,
    "maxResTime" : 3556.0,
    "pct1ResTime" : 1062.8999999999999,
    "pct2ResTime" : 2031.249999999994,
    "pct3ResTime" : 3556.0,
    "throughput" : 0.12935238435250077,
    "receivedKBytesPerSec" : 0.9450176978315367,
    "sentKBytesPerSec" : 0.05924440259894811
  },
  "Catagory" : {
    "transaction" : "Catagory",
    "sampleCount" : 50,
    "errorCount" : 0,
    "errorPct" : 0.0,
    "meanResTime" : 350.84,
    "medianResTime" : 344.5,
    "minResTime" : 318.0,
    "maxResTime" : 458.0,
    "pct1ResTime" : 392.2,
    "pct2ResTime" : 420.3499999999998,
    "pct3ResTime" : 458.0,
    "throughput" : 0.1295343499189115,
    "receivedKBytesPerSec" : 0.6529593822377319,
    "sentKBytesPerSec" : 0.07488704604687071
  }
}